CREATE DATABASE  IF NOT EXISTS `weather_db` /*!40100 DEFAULT CHARACTER SET utf8mb4 COLLATE utf8mb4_0900_ai_ci */ /*!80016 DEFAULT ENCRYPTION='N' */;
USE `weather_db`;
-- MySQL dump 10.13  Distrib 8.0.19, for Win64 (x86_64)
--
-- Host: 127.0.0.1    Database: weather_db
-- ------------------------------------------------------
-- Server version	8.0.19

/*!40101 SET @OLD_CHARACTER_SET_CLIENT=@@CHARACTER_SET_CLIENT */;
/*!40101 SET @OLD_CHARACTER_SET_RESULTS=@@CHARACTER_SET_RESULTS */;
/*!40101 SET @OLD_COLLATION_CONNECTION=@@COLLATION_CONNECTION */;
/*!50503 SET NAMES utf8 */;
/*!40103 SET @OLD_TIME_ZONE=@@TIME_ZONE */;
/*!40103 SET TIME_ZONE='+00:00' */;
/*!40014 SET @OLD_UNIQUE_CHECKS=@@UNIQUE_CHECKS, UNIQUE_CHECKS=0 */;
/*!40014 SET @OLD_FOREIGN_KEY_CHECKS=@@FOREIGN_KEY_CHECKS, FOREIGN_KEY_CHECKS=0 */;
/*!40101 SET @OLD_SQL_MODE=@@SQL_MODE, SQL_MODE='NO_AUTO_VALUE_ON_ZERO' */;
/*!40111 SET @OLD_SQL_NOTES=@@SQL_NOTES, SQL_NOTES=0 */;

--
-- Table structure for table `celestial_phases`
--

DROP TABLE IF EXISTS `celestial_phases`;
/*!40101 SET @saved_cs_client     = @@character_set_client */;
/*!50503 SET character_set_client = utf8mb4 */;
CREATE TABLE `celestial_phases` (
  `celestial_id` int NOT NULL AUTO_INCREMENT,
  `moon_type` varchar(45) NOT NULL,
  `moon_rise_time` time NOT NULL,
  `moon_fall_time` time NOT NULL,
  `sun_rise_time` time NOT NULL,
  `sun_fall_time` time NOT NULL,
  `sea_info_id` int NOT NULL,
  PRIMARY KEY (`celestial_id`),
  KEY `fk_Celestial Phases_Sea Information1_idx` (`sea_info_id`),
  CONSTRAINT `fk_Celestial Phases_Sea Information1` FOREIGN KEY (`sea_info_id`) REFERENCES `sea_information` (`sea_info_id`)
) ENGINE=InnoDB AUTO_INCREMENT=241 DEFAULT CHARSET=utf8;
/*!40101 SET character_set_client = @saved_cs_client */;

--
-- Dumping data for table `celestial_phases`
--

LOCK TABLES `celestial_phases` WRITE;
/*!40000 ALTER TABLE `celestial_phases` DISABLE KEYS */;
INSERT INTO `celestial_phases` VALUES (1,'waxing gibbous','13:25:00','01:48:00','05:41:00','20:32:00',1),(2,'waxing gibbous','13:49:00','01:55:00','06:20:00','20:21:00',2),(3,'waxing gibbous','13:27:00','01:49:00','05:44:00','20:33:00',3),(4,'waxing gibbous','13:30:00','02:03:00','05:13:00','21:06:00',4),(5,'waning gibbous','13:38:00','01:54:00','05:49:00','20:31:00',5),(6,'waxing gibbous','13:19:00','01:28:00','05:41:00','19:57:00',6),(7,'waxing gibbous','13:48:00','01:51:00','06:30:00','20:13:00',7),(8,'waxing gibbous','13:12:00','01:38:00','05:25:00','20:27:00',8),(9,'waxing gibbous','12:52:00','01:26:00','04:56:00','20:23:00',9),(10,'waxing gibbous','12:59:00','01:28:00','05:08:00','20:21:00',10),(11,'waxing gibbous','14:01:00','02:14:00','06:28:00','20:48:00',11),(12,'waxing gibbous','13:46:00','02:01:00','06:10:00','20:38:00',12),(13,'waxing gibbous','13:28:00','01:35:00','06:00:00','20:02:00',13),(14,'waxing gibbous','13:38:00','01:52:00','06:05:00','20:26:00',14),(15,'waxing gibbous','13:14:00','01:07:00','05:50:00','19:14:00',15),(16,'waning gibbous','23:55:00','09:32:00','05:42:00','20:36:00',16),(17,'waning gibbous','23:55:00','10:08:00','06:21:00','20:25:00',17),(18,'waning gibbous','23:56:00','09:34:00','05:44:00','20:37:00',18),(19,'waning gibbous','23:47:00','09:18:00','05:13:00','21:11:00',19),(20,'waning gibbous','23:59:00','09:45:00','05:49:00','20:35:00',20),(21,'waning gibbous','23:30:00','09:33:00','05:42:00','20:01:00',21),(22,'waning gibbous','23:47:00','10:21:00','06:31:00','20:16:00',22),(23,'waning gibbous','23:48:00','09:16:00','05:25:00','20:31:00',23),(24,'waning gibbous','23:39:00','08:49:00','04:56:00','20:28:00',24),(25,'waning gibbous','23:40:00','09:00:00','05:08:00','20:25:00',25),(26,'waxing gibbous','04:45:00','22:36:00','06:29:00','20:52:00',26),(27,'waxing gibbous','00:44:00','09:57:00','06:10:00','20:42:00',27),(28,'waning gibbous','23:35:00','09:47:00','06:01:00','20:06:00',28),(29,'waning gibbous','23:54:00','09:52:00','06:06:00','20:30:00',29),(30,'waning gibbous','23:00:00','09:41:00','05:51:00','19:17:00',30),(31,'waxing crescent','07:40:00','22:28:00','05:47:00','20:36:00',31),(32,'waxing crescent','08:19:00','22:25:00','06:26:00','20:26:00',32),(33,'waxing crescent','07:42:00','22:29:00','05:49:00','20:38:00',33),(34,'waxing crescent','07:25:00','23:00:00','05:19:00','21:10:00',34),(35,'waxing crescent','07:55:00','22:33:00','05:54:00','20:35:00',35),(36,'waxing crescent','07:45:00','22:02:00','05:46:00','20:01:00',36),(37,'waxing crescent','08:24:00','22:16:00','06:35:00','20:17:00',37),(38,'waxing crescent','07:23:00','22:21:00','05:30:00','20:31:00',38),(39,'waxing crescent','06:55:00','22:14:00','05:01:00','20:27:00',39),(40,'waxing crescent','07:06:00','22:13:00','05:13:00','20:25:00',40),(41,'waxing crescent','08:25:00','22:48:00','06:33:00','20:53:00',41),(42,'waxing crescent','08:07:00','22:37:00','06:15:00','20:43:00',42),(43,'waxing crescent','07:58:00','22:05:00','06:05:00','20:07:00',43),(44,'waxing crescent','08:02:00','22:25:00','06:11:00','20:30:00',44),(45,'waxing crescent','07:58:00','21:31:00','05:55:00','19:19:00',45),(46,'waning crescent','01:48:00','16:13:00','06:03:00','20:23:00',46),(47,'waning crescent','02:21:00','16:10:00','06:38:00','20:18:00',47),(48,'waning crescent','01:49:00','16:13:00','06:05:00','20:25:00',48),(49,'waning crescent','01:35:00','16:47:00','05:42:00','20:51:00',49),(50,'waning crescent','01:58:00','16:20:00','06:10:00','20:24:00',50),(51,'waning crescent','01:46:00','15:48:00','06:00:00','19:52:00',51),(52,'waning crescent','02:25:00','16:01:00','06:45:00','20:11:00',52),(53,'waning crescent','01:33:00','16:05:00','05:48:00','20:18:00',53),(54,'waning crescent','01:08:00','15:57:00','05:22:00','20:11:00',54),(55,'waning crescent','01:17:00','15:57:00','05:32:00','20:11:00',55),(56,'waning crescent','02:29:00','16:33:00','06:47:00','20:43:00',56),(57,'waning crescent','02:12:00','16:21:00','06:29:00','20:32:00',57),(58,'waning crescent','02:00:00','15:50:00','06:18:00','19:59:00',58),(59,'waning crescent','02:06:00','16:10:00','06:24:00','20:21:00',59),(60,'waning crescent','01:52:00','15:17:00','06:04:00','19:14:00',60),(61,'waxing crescent','11:25:00','09:43:00','07:04:00','18:48:00',61),(62,'waxing crescent','11:24:00','22:20:00','07:15:00','19:07:00',62),(63,'waxing crescent','11:26:00','21:45:00','07:05:00','18:51:00',63),(64,'waxing crescent','11:59:00','21:27:00','07:10:00','18:49:00',64),(65,'waxing crescent','11:33:00','21:55:00','07:06:00','18:53:00',65),(66,'waxing crescent','11:01:00','21:44:00','06:44:00','18:34:00',66),(67,'waxing crescent','11:15:00','22:25:00','07:14:00','19:08:00',67),(68,'waxing crescent','11:17:00','21:27:00','06:53:00','18:38:00',68),(69,'waxing crescent','11:09:00','21:01:00','06:39:00','18:20:00',69),(70,'waxing crescent','11:09:00','21:11:00','06:43:00','18:26:00',70),(71,'waxing crescent','11:46:00','22:27:00','07:33:00','19:22:00',71),(72,'waxing crescent','11:35:00','22:09:00','07:20:00','19:08:00',72),(73,'waxing crescent','11:03:00','21:58:00','06:55:00','18:47:00',73),(74,'waxing crescent','11:23:00','22:04:00','07:11:00','19:00:00',74),(75,'waxing crescent','10:31:00','21:54:00','06:24:00','18:20:00',75),(76,'waning gibbous','21:48:00','11:48:00','07:19:00','18:24:00',76),(77,'waning gibbous','22:22:00','11:42:00','07:25:00','18:49:00',77),(78,'waning gibbous','21:43:00','11:49:00','07:21:00','18:27:00',78),(79,'waning gibbous','21:21:00','12:26:00','07:32:00','18:18:00',79),(80,'waning gibbous','21:54:00','11:55:00','07:21:00','18:30:00',80),(81,'waning gibbous','21:46:00','11:21:00','06:56:00','18:14:00',81),(82,'waning gibbous','22:28:00','11:32:00','07:22:00','18:52:00',82),(83,'waning gibbous','21:25:00','11:41:00','07:10:00','18:12:00',83),(84,'waning gibbous','20:56:00','11:36:00','06:58:00','17:52:00',84),(85,'waning gibbous','21:08:00','11:35:00','07:01:00','17:59:00',85),(86,'waning gibbous','22:27:00','12:06:00','07:45:00','19:02:00',86),(87,'waning gibbous','22:09:00','11:56:00','07:33:00','18:46:00',87),(88,'waning gibbous','22:00:00','11:22:00','07:05:00','18:28:00',88),(89,'waning gibbous','22:04:00','11:43:00','07:23:00','18:40:00',89),(90,'waning gibbous','21:59:00','10:46:00','06:29:00','18:06:00',90),(91,'waxing crescent','12:18:00','21:56:00','07:34:00','18:07:00',91),(92,'waxing crescent','12:09:00','22:38:00','07:35:00','18:36:00',92),(93,'waxing crescent','12:18:00','21:58:00','07:36:00','18:09:00',93),(94,'waxing crescent','12:58:00','21:34:00','07:53:00','17:54:00',94),(95,'waxing crescent','12:23:00','22:10:00','07:35:00','18:12:00',95),(96,'waxing crescent','11:48:00','22:02:00','07:07:00','17:59:00',96),(97,'waxing crescent','11:58:00','22:45:00','07:30:00','18:41:00',97),(98,'waxing crescent','12:11:00','21:39:00','07:26:00','17:53:00',98),(99,'waxing crescent','12:07:00','21:09:00','07:17:00','17:31:00',99),(100,'waxing crescent','12:05:00','21:21:00','07:18:00','17:39:00',100),(101,'waxing crescent','12:34:00','22:43:00','07:57:00','18:47:00',101),(102,'waxing crescent','12:24:00','22:24:00','07:46:00','18:31:00',102),(103,'waxing crescent','11:49:00','22:17:00','07:15:00','18:15:00',103),(104,'waxing crescent','12:11:00','22:20:00','07:35:00','18:25:00',104),(105,'waxing crescent','11:11:00','22:17:00','06:35:00','17:57:00',105),(106,'waning gibbous','19:28:00','09:44:00','06:50:00','16:53:00',106),(107,'waning gibbous','21:10:00','10:36:00','06:46:00','17:27:00',107),(108,'waning gibbous','20:30:00','10:44:00','06:51:00','16:56:00',108),(109,'waning gibbous','20:06:00','11:24:00','07:15:00','16:35:00',109),(110,'waning gibbous','20:41:00','10:50:00','06:50:00','17:00:00',110),(111,'waning gibbous','20:33:00','10:15:00','06:20:00','16:49:00',111),(112,'waning gibbous','21:17:00','10:25:00','06:40:00','17:33:00',112),(113,'waning gibbous','20:10:00','10:37:00','06:43:00','16:39:00',113),(114,'waning gibbous','19:42:00','10:32:00','06:36:00','16:14:00',114),(115,'waning gibbous','19:54:00','10:30:00','06:36:00','16:24:00',115),(116,'waning gibbous','21:15:00','11:01:00','07:10:00','17:36:00',116),(117,'waning gibbous','20:56:00','10:50:00','06:59:00','17:19:00',117),(118,'waning gibbous','20:48:00','10:16:00','06:27:00','17:06:00',118),(119,'waning gibbous','20:52:00','10:37:00','06:48:00','17:14:00',119),(120,'waning gibbous','20:49:00','09:39:00','06:43:00','17:51:00',120),(121,'waxing gibbous','15:10:00','05:15:00','07:26:00','17:01:00',121),(122,'waxing gibbous','16:50:00','06:09:00','07:18:00','17:39:00',122),(123,'waxing gibbous','16:11:00','06:15:00','07:27:00','17:03:00',123),(124,'waxing gibbous','15:50:00','06:53:00','07:56:00','16:36:00',124),(125,'waxing gibbous','16:22:00','06:21:00','07:25:00','17:08:00',125),(126,'waxing gibbous','16:14:00','05:48:00','06:53:00','16:59:00',126),(127,'waxing crescent','10:00:00','21:10:00','07:10:00','17:47:00',127),(128,'waxing gibbous','15:53:00','06:07:00','07:20:00','16:45:00',128),(129,'waxing gibbous','15:25:00','06:02:00','07:15:00','16:18:00',129),(130,'waxing gibbous','15:36:00','06:01:00','07:14:00','16:29:00',130),(131,'waxing gibbous','16:56:00','06:33:00','07:44:00','17:46:00',131),(132,'waxing gibbous','16:37:00','06:22:00','07:34:00','17:28:00',132),(133,'waxing gibbous','16:29:00','05:49:00','06:59:00','17:18:00',133),(134,'waxing gibbous','16:33:00','06:10:00','07:22:00','17:24:00',134),(135,'waxing gibbous','16:27:00','05:13:00','07:12:00','18:06:00',135),(136,'new moon','07:20:00','13:40:00','07:20:00','17:18:00',136),(137,'new moon','08:12:00','18:48:00','07:16:00','17:52:00',137),(138,'new moon','08:20:00','18:09:00','07:22:00','17:20:00',138),(139,'new moon','08:56:00','17:49:00','07:46:00','16:58:00',139),(140,'new moon','08:23:00','18:21:00','07:20:00','17:24:00',140),(141,'waning crescent','07:50:00','18:12:00','06:49:00','17:14:00',141),(142,'waning gibbous','23:02:00','10:58:00','07:09:00','17:59:00',142),(143,'new moon','08:13:00','17:50:00','07:13:00','17:03:00',143),(144,'new moon','08:08:00','17:22:00','07:07:00','16:37:00',144),(145,'new moon','08:06:00','17:34:00','07:06:00','16:47:00',145),(146,'new moon','08:36:00','18:53:00','07:40:00','18:01:00',146),(147,'new moon','08:26:00','18:35:00','07:29:00','17:44:00',147),(148,'waning crescent','07:52:00','18:26:00','06:56:00','17:31:00',148),(149,'new moon','08:14:00','18:30:00','07:18:00','17:38:00',149),(150,'waning crescent','07:13:00','18:25:00','07:12:00','18:17:00',150),(151,'waxing gibbous','12:20:00','01:54:00','07:12:00','17:30:00',151),(152,'waxing gibbous','13:55:00','02:54:00','07:11:00','18:01:00',152),(153,'waxing gibbous','13:22:00','02:55:00','07:14:00','17:32:00',153),(154,'waxing gibbous','13:04:00','03:25:00','07:34:00','17:13:00',154),(155,'waxing gibbous','13:31:00','03:01:00','07:13:00','17:36:00',155),(156,'waxing gibbous','13:20:00','02:30:00','06:43:00','17:23:00',156),(157,'waning crescent','07:16:00','18:13:00','07:05:00','18:07:00',157),(158,'waxing gibbous','13:04:00','02:46:00','07:05:00','17:15:00',158),(159,'waxing gibbous','12:39:00','02:37:00','06:57:00','16:51:00',159),(160,'waxing gibbous','12:49:00','02:37:00','06:57:00','17:00:00',160),(161,'waxing gibbous','14:03:00','03:16:00','07:34:00','18:11:00',161),(162,'waxing gibbous','13:46:00','03:04:00','07:23:00','17:54:00',162),(163,'waxing gibbous','13:34:00','02:33:00','06:51:00','17:40:00',163),(164,'waxing gibbous','13:40:00','02:53:00','07:12:00','17:48:00',164),(165,'waxing gibbous','13:27:00','02:01:00','07:09:00','18:23:00',165),(166,'waning crescent','06:37:00','16:59:00','06:50:00','17:52:00',166),(167,'waning crescent','05:18:00','15:46:00','06:58:00','18:14:00',167),(168,'waning crescent','05:28:00','15:05:00','06:56:00','17:50:00',168),(169,'waning crescent','06:07:00','14:41:00','07:09:00','17:39:00',169),(170,'waning crescent','05:32:00','15:17:00','06:56:00','17:53:00',170),(171,'waning crescent','04:57:00','15:09:00','06:29:00','17:38:00',171),(172,'full moon','19:34:00','07:59:00','06:54:00','18:18:00',172),(173,'waning crescent','05:21:00','14:45:00','06:46:00','17:35:00',173),(174,'waning crescent','05:17:00','14:16:00','06:35:00','17:14:00',174),(175,'waning crescent','05:15:00','14:28:00','06:37:00','17:21:00',175),(176,'waning crescent','05:44:00','15:51:00','07:19:00','18:26:00',176),(177,'waning crescent','05:34:00','15:32:00','07:07:00','18:10:00',177),(178,'waning crescent','04:58:00','15:24:00','06:39:00','17:53:00',178),(179,'waning crescent','05:21:00','15:27:00','06:57:00','18:04:00',179),(180,'waning crescent','04:19:00','15:25:00','07:01:00','18:32:00',180),(181,'waxing gibbous','13:24:00','03:43:00','06:33:00','18:04:00',181),(182,'waxing gibbous','15:07:00','04:33:00','06:43:00','18:24:00',182),(183,'waxing gibbous','14:25:00','04:43:00','06:35:00','18:06:00',183),(184,'waxing gibbous','14:03:00','05:23:00','06:42:00','18:01:00',184),(185,'waxing gibbous','14:36:00','04:48:00','06:35:00','18:08:00',185),(186,'waxing gibbous','14:30:00','04:12:00','06:12:00','17:50:00',186),(187,'waning crescent','07:16:00','18:44:00','06:42:00','18:26:00',187),(188,'waxing gibbous','14:06:00','04:36:00','06:23:00','17:52:00',188),(189,'waxing gibbous','13:37:00','04:32:00','06:10:00','17:34:00',189),(190,'waxing gibbous','13:49:00','04:30:00','06:13:00','17:40:00',190),(191,'waxing gibbous','15:11:00','04:59:00','07:02:00','18:39:00',191),(192,'waxing gibbous','14:52:00','04:49:00','06:48:00','18:24:00',192),(193,'waxing gibbous','14:45:00','04:13:00','06:23:00','18:04:00',193),(194,'waxing gibbous','14:48:00','04:36:00','06:39:00','18:16:00',194),(195,'waxing gibbous','14:46:00','03:36:00','06:49:00','18:39:00',195),(196,'waning crescent','06:42:00','17:49:00','07:07:00','19:21:00',196),(197,'waning crescent','06:45:00','18:15:00','07:23:00','19:34:00',197),(198,'waning crescent','06:42:00','17:50:00','07:09:00','19:23:00',198),(199,'waning gibbous','07:00:00','17:48:00','07:08:00','19:26:00',199),(200,'waning crescent','06:46:00','18:00:00','07:10:00','19:24:00',200),(201,'waning crescent','06:18:00','17:44:00','06:50:00','19:03:00',201),(202,'waning gibbous','21:31:00','08:42:00','07:24:00','19:34:00',202),(203,'waning crescent','06:32:00','17:34:00','06:56:00','19:10:00',203),(204,'waning crescent','06:21:00','17:13:00','06:39:00','18:55:00',204),(205,'waning crescent','06:23:00','17:21:00','06:44:00','18:59:00',205),(206,'waning crescent','07:06:00','18:27:00','07:39:00','19:52:00',206),(207,'waning crescent','06:54:00','18:10:00','07:25:00','19:38:00',207),(208,'waning crescent','06:25:00','17:55:00','07:03:00','19:14:00',208),(209,'waning crescent','06:43:00','18:04:00','07:17:00','19:29:00',209),(210,'waning crescent','05:54:00','17:42:00','06:34:00','18:44:00',210),(211,'waning gibbous','21:48:00','07:52:00','06:39:00','19:39:00',211),(212,'waning gibbous','21:50:00','08:19:00','07:01:00','19:45:00',212),(213,'waning gibbous','21:48:00','07:54:00','06:40:00','19:40:00',213),(214,'waning gibbous','22:17:00','07:45:00','06:32:00','19:51:00',214),(215,'waning gibbous','21:57:00','08:01:00','06:43:00','19:40:00',215),(216,'waning gibbous','21:27:00','07:46:00','06:26:00','19:15:00',216),(217,'waxing crescent','10:07:00','23:52:00','07:05:00','19:42:00',217),(218,'waning gibbous','21:39:00','07:38:00','06:26:00','19:29:00',218),(219,'waning gibbous','21:29:00','07:16:00','06:06:00','19:17:00',219),(220,'waning gibbous','21:30:00','07:24:00','06:13:00','19:20:00',220),(221,'waning gibbous','22:10:00','08:30:00','07:15:00','20:05:00',221),(222,'waning gibbous','21:58:00','08:14:00','06:59:00','19:52:00',222),(223,'waning gibbous','21:30:00','07:58:00','06:41:00','19:25:00',223),(224,'waning gibbous','21:48:00','08:07:00','06:52:00','19:43:00',224),(225,'waning gibbous','21:01:00','19:47:00','06:18:00','18:50:00',225),(226,'waxing crescent','10:03:00','00:29:00','06:12:00','19:57:00',226),(227,'waxing crescent','10:47:00','00:19:00','06:42:00','19:57:00',227),(228,'waxing crescent','10:05:00','00:29:00','06:14:00','19:58:00',228),(229,'waxing crescent','09:40:00','01:11:00','05:57:00','20:17:00',229),(230,'waxing crescent','10:17:00','00:34:00','06:18:00','19:58:00',230),(231,'waxing gibbous','10:09:00','00:22:00','06:05:00','19:29:00',231),(232,'waning crescent','03:14:00','14:30:00','06:48:00','19:51:00',232),(233,'waxing crescent','09:45:00','00:22:00','05:58:00','19:49:00',233),(234,'waxing crescent','09:16:00','00:19:00','05:35:00','19:40:00',234),(235,'waxing crescent','09:28:00','00:16:00','05:43:00','19:41:00',235),(236,'waxing crescent','10:51:00','00:45:00','06:52:00','20:19:00',236),(237,'waxing crescent','10:32:00','00:34:00','06:36:00','20:08:00',237),(238,'waxing gibbous','10:24:00','00:30:00','06:21:00','19:37:00',238),(239,'waxing crescent','10:28:00','00:22:00','06:30:00','19:57:00',239),(240,'waxing gibbous','10:25:00','19:38:00','06:01:00','18:57:00',240);
/*!40000 ALTER TABLE `celestial_phases` ENABLE KEYS */;
UNLOCK TABLES;

--
-- Temporary view structure for view `celestial_tides`
--

DROP TABLE IF EXISTS `celestial_tides`;
/*!50001 DROP VIEW IF EXISTS `celestial_tides`*/;
SET @saved_cs_client     = @@character_set_client;
/*!50503 SET character_set_client = utf8mb4 */;
/*!50001 CREATE VIEW `celestial_tides` AS SELECT 
 1 AS `Moon Type`,
 1 AS `High Tide Rise Height`*/;
SET character_set_client = @saved_cs_client;

--
-- Table structure for table `precipitation`
--

DROP TABLE IF EXISTS `precipitation`;
/*!40101 SET @saved_cs_client     = @@character_set_client */;
/*!50503 SET character_set_client = utf8mb4 */;
CREATE TABLE `precipitation` (
  `precipitation_id` int NOT NULL AUTO_INCREMENT,
  `precipitation_type` varchar(45) NOT NULL,
  `precipitation_in` decimal(5,2) DEFAULT NULL,
  PRIMARY KEY (`precipitation_id`)
) ENGINE=InnoDB AUTO_INCREMENT=241 DEFAULT CHARSET=utf8;
/*!40101 SET character_set_client = @saved_cs_client */;

--
-- Dumping data for table `precipitation`
--

LOCK TABLES `precipitation` WRITE;
/*!40000 ALTER TABLE `precipitation` DISABLE KEYS */;
INSERT INTO `precipitation` VALUES (1,'Rain',0.24),(2,'None',0.00),(3,'Rain',0.12),(4,'None',0.00),(5,'None',0.00),(6,'None',0.00),(7,'Rain',0.34),(8,'Rain',0.62),(9,'None',0.00),(10,'Rain',0.02),(11,'Rain',0.02),(12,'Rain',0.08),(13,'None',0.00),(14,'Rain',0.09),(15,'Rain',0.03),(16,'None',0.00),(17,'None',0.00),(18,'None',0.00),(19,'None',0.00),(20,'None',0.00),(21,'Rain',0.01),(22,'None',0.00),(23,'Rain',0.53),(24,'Rain',0.03),(25,'Rain',1.38),(26,'None',0.00),(27,'Rain',0.01),(28,'None',0.00),(29,'None',0.00),(30,'Rain',0.06),(31,'Rain',0.03),(32,'None',0.00),(33,'Rain',0.10),(34,'None',0.00),(35,'None',0.00),(36,'None',0.00),(37,'None',0.00),(38,'None',0.00),(39,'None',0.00),(40,'None',0.00),(41,'None',0.00),(42,'None',0.00),(43,'None',0.00),(44,'Rain',0.17),(45,'Rain',0.02),(46,'None',0.00),(47,'None',0.00),(48,'None',0.00),(49,'None',0.00),(50,'None',0.00),(51,'None',0.00),(52,'Rain',0.01),(53,'None',0.00),(54,'None',0.00),(55,'None',0.00),(56,'None',0.00),(57,'None',0.00),(58,'Rain',0.23),(59,'None',0.00),(60,'None',0.00),(61,'Rain',0.26),(62,'None',0.00),(63,'None',0.00),(64,'None',0.00),(65,'None',0.00),(66,'None',0.00),(67,'Rain',0.45),(68,'Rain',0.34),(69,'Rain',0.13),(70,'Rain',0.32),(71,'None',0.00),(72,'None',0.00),(73,'None',0.00),(74,'None',0.00),(75,'Rain',0.79),(76,'Rain',0.02),(77,'None',0.00),(78,'None',0.00),(79,'None',0.00),(80,'None',0.00),(81,'None',0.00),(82,'Rain',0.01),(83,'None',0.00),(84,'None',0.00),(85,'None',0.00),(86,'None',0.00),(87,'None',0.00),(88,'Rain',0.04),(89,'None',0.00),(90,'Rain',0.27),(91,'Rain',0.01),(92,'None',0.00),(93,'Rain',0.06),(94,'None',0.00),(95,'None',0.00),(96,'None',0.00),(97,'Rain',0.01),(98,'Rain',0.11),(99,'Rain',0.05),(100,'Rain',0.13),(101,'None',0.00),(102,'Rain',0.16),(103,'None',0.00),(104,'None',0.00),(105,'None',0.00),(106,'None',0.00),(107,'None',0.00),(108,'None',0.00),(109,'Rain',0.13),(110,'None',0.00),(111,'None',0.00),(112,'Rain',0.12),(113,'None',0.00),(114,'None',0.00),(115,'None',0.00),(116,'Rain',0.57),(117,'Rain',0.13),(118,'None',0.00),(119,'Rain',1.08),(120,'None',0.00),(121,'Rain',0.11),(122,'None',0.00),(123,'None',0.00),(124,'Rain',0.04),(125,'Rain',0.01),(126,'None',0.00),(127,'None',0.00),(128,'Snow',0.01),(129,'None',0.00),(130,'Snow',0.12),(131,'None',0.00),(132,'None',0.00),(133,'None',0.00),(134,'None',0.00),(135,'Rain',0.74),(136,'None',0.00),(137,'None',0.00),(138,'None',0.00),(139,'Rain',0.27),(140,'None',0.00),(141,'None',0.00),(142,'Rain',0.01),(143,'None',0.00),(144,'None',0.00),(145,'None',0.00),(146,'Rain',0.87),(147,'Rain',1.03),(148,'None',0.00),(149,'Rain',0.16),(150,'None',0.00),(151,'Rain',0.04),(153,'None',0.02),(154,'None',0.00),(155,'None',0.00),(156,'None',0.00),(157,'None',0.00),(158,'None',0.00),(159,'None',0.00),(160,'None',0.00),(161,'None',0.00),(162,'None',0.00),(163,'Rain',0.06),(164,'None',0.00),(165,'None',0.00),(166,'Rain',0.02),(167,'None',0.00),(168,'Rain',0.02),(169,'None',0.00),(170,'None',0.00),(171,'None',0.00),(172,'Rain',0.01),(173,'None',0.00),(174,'Snow',4.90),(175,'None',0.00),(176,'Rain',0.97),(177,'Rain',0.15),(178,'Rain',0.01),(179,'Rain',1.13),(180,'Rain',0.89),(181,'None',0.00),(182,'None',0.00),(183,'None',0.00),(184,'Rain',0.13),(185,'None',0.00),(186,'None',0.00),(187,'None',0.00),(188,'None',0.00),(189,'None',0.00),(190,'None',0.00),(191,'Rain',1.78),(192,'Rain',0.08),(193,'Rain',0.02),(194,'Rain',1.37),(195,'Rain',0.32),(196,'Rain',0.01),(197,'Rain',0.02),(198,'None',0.00),(199,'None',0.00),(200,'Rain',0.01),(201,'None',0.00),(202,'None',0.00),(203,'None',0.00),(204,'None',0.00),(205,'None',0.00),(206,'Rain',0.04),(207,'Rain',0.02),(208,'None',0.00),(209,'Rain',0.04),(210,'Rain',0.16),(211,'Rain',0.32),(212,'Rain',0.17),(213,'Rain',0.23),(214,'None',0.00),(215,'None',0.00),(216,'Rain',0.09),(217,'None',0.00),(218,'Rain',0.38),(219,'Snow',0.22),(220,'Rain',0.77),(221,'Rain',0.31),(222,'Rain',0.14),(223,'Rain',0.15),(224,'Rain',0.79),(225,'None',0.00),(226,'Rain',0.01),(227,'None',0.00),(228,'None',0.00),(229,'None',0.00),(230,'None',0.00),(231,'None',0.00),(232,'None',0.00),(233,'None',0.00),(234,'Rain',0.34),(235,'Rain',0.01),(236,'None',0.00),(237,'Rain',0.02),(238,'Rain',1.21),(239,'None',0.00),(240,'None',0.00);
/*!40000 ALTER TABLE `precipitation` ENABLE KEYS */;
UNLOCK TABLES;

--
-- Temporary view structure for view `region_comparison`
--

DROP TABLE IF EXISTS `region_comparison`;
/*!50001 DROP VIEW IF EXISTS `region_comparison`*/;
SET @saved_cs_client     = @@character_set_client;
/*!50503 SET character_set_client = utf8mb4 */;
/*!50001 CREATE VIEW `region_comparison` AS SELECT 
 1 AS `Highest Temperature`,
 1 AS `City`,
 1 AS `State`,
 1 AS `Zip Code`*/;
SET character_set_client = @saved_cs_client;

--
-- Table structure for table `regions`
--

DROP TABLE IF EXISTS `regions`;
/*!40101 SET @saved_cs_client     = @@character_set_client */;
/*!50503 SET character_set_client = utf8mb4 */;
CREATE TABLE `regions` (
  `region_id` int NOT NULL,
  `city` varchar(45) NOT NULL,
  `state` varchar(45) NOT NULL,
  `zip_code` int NOT NULL,
  PRIMARY KEY (`region_id`)
) ENGINE=InnoDB DEFAULT CHARSET=utf8;
/*!40101 SET character_set_client = @saved_cs_client */;

--
-- Dumping data for table `regions`
--

LOCK TABLES `regions` WRITE;
/*!40000 ALTER TABLE `regions` DISABLE KEYS */;
INSERT INTO `regions` VALUES (1,'College Park','MD',20740),(2,'Houston','TX',77001),(3,'Chesapeake Beach','MD',20732),(4,'Seattle','WA',98101),(5,'San Francisco','CA',94101),(6,'San Diego','CA',92101),(7,'Miami','FL',33142),(8,'New York','NY',10001),(9,'Augusta','ME',4333),(10,'Boston','MA',2124),(11,'Atlanta','GA',30301),(12,'Charlotte','NC',28269),(13,'New Orleans','LA',70119),(14,'North Myrtle Beach','SC',29582),(15,'Honolulu','HI',96825);
/*!40000 ALTER TABLE `regions` ENABLE KEYS */;
UNLOCK TABLES;

--
-- Table structure for table `sea_information`
--

DROP TABLE IF EXISTS `sea_information`;
/*!40101 SET @saved_cs_client     = @@character_set_client */;
/*!50503 SET character_set_client = utf8mb4 */;
CREATE TABLE `sea_information` (
  `sea_info_id` int NOT NULL,
  `full_tide_present` varchar(10) NOT NULL,
  `high_tide_rise_height` decimal(5,2) DEFAULT NULL,
  `high_tide_set_height` decimal(5,2) DEFAULT NULL,
  `low_tide_rise_height` decimal(5,2) DEFAULT NULL,
  `low_tide_set_height` decimal(5,2) DEFAULT NULL,
  PRIMARY KEY (`sea_info_id`)
) ENGINE=InnoDB DEFAULT CHARSET=utf8;
/*!40101 SET character_set_client = @saved_cs_client */;

--
-- Dumping data for table `sea_information`
--

LOCK TABLES `sea_information` WRITE;
/*!40000 ALTER TABLE `sea_information` DISABLE KEYS */;
INSERT INTO `sea_information` VALUES (1,'Yes',3.29,3.34,0.39,0.26),(2,'No',NULL,1.83,0.32,NULL),(3,'Yes',1.43,1.43,0.53,0.34),(4,'No',7.86,NULL,4.73,1.16),(5,'Yes',5.12,6.06,2.29,0.05),(6,'Yes',4.59,5.04,0.16,1.87),(7,'Yes',2.28,2.20,-0.10,-0.05),(8,'Yes',5.04,4.97,0.05,0.56),(9,'No',10.07,9.72,-0.27,NULL),(10,'No',10.48,10.13,-0.27,NULL),(11,'Yes',8.54,8.02,-0.13,0.28),(12,'Yes',4.58,4.43,-0.21,0.13),(13,'No',0.43,NULL,0.18,NULL),(14,'Yes',3.20,2.98,-0.16,0.11),(15,'Yes',1.09,1.56,-0.16,0.58),(16,'No',3.27,NULL,0.57,0.48),(17,'No',NULL,1.81,-0.01,NULL),(18,'Yes',1.56,1.12,0.50,0.52),(19,'Yes',8.81,11.60,6.73,-0.86),(20,'Yes',5.93,5.22,-0.40,3.14),(21,'No',NULL,3.84,-0.12,2.87),(22,'Yes',2.19,1.97,0.20,0.04),(23,'No',NULL,4.27,0.26,1.00),(24,'Yes',9.80,8.70,0.24,1.49),(25,'Yes',10.19,9.11,0.26,1.43),(26,'Yes',8.08,6.94,0.49,0.99),(27,'Yes',4.49,3.68,0.14,0.39),(28,'No',NULL,0.46,0.08,NULL),(29,'Yes',3.13,2.54,0.27,0.55),(30,'Yes',0.55,1.93,0.12,0.20),(31,'Yes',3.70,3.20,0.29,0.16),(32,'No',NULL,1.90,-0.52,NULL),(33,'Yes',1.85,1.13,0.37,0.35),(34,'Yes',10.83,12.25,7.17,-3.40),(35,'Yes',7.24,5.58,-1.45,2.81),(36,'Yes',4.37,6.95,-1.44,2.07),(37,'Yes',2.34,2.52,-0.10,-0.48),(38,'Yes',4.86,5.87,-0.52,-0.14),(39,'Yes',11.21,9.69,-1.15,0.05),(40,'Yes',11.65,10.16,-1.30,-0.09),(41,'Yes',7.84,9.62,-0.65,-0.95),(42,'Yes',4.11,5.03,-0.19,-0.30),(43,'No',NULL,0.55,0.00,NULL),(44,'Yes',2.87,3.67,-0.34,-0.61),(45,'Yes',0.65,2.49,0.03,-0.23),(46,'No',3.27,2.86,NULL,0.62),(47,'No',1.49,NULL,NULL,NULL),(48,'Yes',1.61,1.04,0.78,0.34),(49,'Yes',10.55,8.94,0.62,7.25),(50,'Yes',4.44,6.62,0.79,2.77),(51,'Yes',3.42,5.87,0.96,2.39),(52,'No',1.97,2.11,0.07,NULL),(53,'Yes',3.97,4.90,0.78,0.75),(54,'Yes',8.13,9.41,1.21,1.33),(55,'Yes',8.61,9.87,1.12,1.37),(56,'Yes',7.01,8.40,0.44,1.12),(57,'Yes',3.75,4.35,0.65,0.10),(58,'No',NULL,0.58,0.18,NULL),(59,'No',2.59,3.17,NULL,0.16),(60,'No',NULL,2.04,-0.01,0.51),(61,'No',3.29,NULL,0.04,0.17),(62,'Yes',2.01,1.48,1.41,0.32),(63,'Yes',1.29,1.76,0.52,0.22),(64,'Yes',11.11,11.05,-0.71,4.54),(65,'Yes',5.65,6.67,1.96,-0.04),(66,'Yes',4.77,6.16,1.68,0.27),(67,'Yes',3.01,3.10,0.08,0.45),(68,'No',5.79,NULL,-0.23,-0.05),(69,'Yes',10.59,10.99,-0.57,-0.98),(70,'Yes',11.02,11.51,-0.64,-1.09),(71,'No',NULL,9.65,-0.29,0.17),(72,'Yes',4.81,5.22,-0.09,0.17),(73,'No',0.91,NULL,NULL,0.58),(74,'Yes',3.44,3.74,-0.11,0.16),(75,'No',2.10,1.00,NULL,0.50),(76,'No',NULL,3.01,0.45,0.55),(77,'No',2.04,NULL,NULL,0.24),(78,'Yes',1.04,1.61,0.61,0.28),(79,'Yes',10.81,9.81,-0.58,6.60),(80,'Yes',4.94,6.12,2.91,0.16),(81,'Yes',3.77,5.68,2.53,0.68),(82,'Yes',2.59,2.72,0.52,0.84),(83,'No',5.05,NULL,0.60,0.70),(84,'Yes',8.83,9.70,1.05,0.32),(85,'Yes',9.26,10.13,1.06,0.27),(86,'No',NULL,8.82,0.86,1.33),(87,'Yes',4.21,4.79,0.38,0.76),(88,'No',0.90,NULL,NULL,0.48),(89,'Yes',2.88,3.38,0.51,0.87),(90,'No',2.04,0.75,NULL,0.53),(91,'No',NULL,2.92,0.05,0.23),(92,'No',2.09,NULL,NULL,0.15),(93,'Yes',0.96,1.57,0.41,0.13),(94,'Yes',11.73,9.70,-1.61,6.82),(95,'Yes',5.36,6.27,3.04,-0.26),(96,'Yes',3.93,5.78,2.81,0.19),(97,'Yes',2.78,2.88,0.28,0.64),(98,'No',NULL,5.30,0.30,0.19),(99,'Yes',9.62,10.35,0.47,-0.35),(100,'Yes',10.01,10.84,0.41,-0.40),(101,'Yes',8.24,9.07,0.43,0.77),(102,'Yes',4.34,4.92,0.16,0.34),(103,'No',0.80,NULL,NULL,0.35),(104,'Yes',3.06,3.52,0.27,0.49),(105,'No',2.18,0.62,NULL,0.36),(106,'Yes',2.81,3.33,0.16,0.31),(107,'No',NULL,NULL,NULL,-0.16),(108,'Yes',0.83,1.49,0.34,0.03),(109,'No',11.74,10.27,NULL,7.22),(110,'Yes',5.17,6.50,2.99,-0.57),(111,'Yes',6.31,3.73,2.38,-0.24),(112,'Yes',2.75,2.51,0.24,0.59),(113,'Yes',5.22,4.16,0.19,0.10),(114,'Yes',9.00,10.13,0.81,-0.21),(115,'Yes',9.43,10.59,0.75,-0.33),(116,'Yes',9.14,7.58,0.24,0.63),(117,'Yes',4.81,4.07,0.16,0.45),(118,'No',0.63,NULL,NULL,0.16),(119,'Yes',3.48,2.81,0.14,0.46),(120,'Yes',2.30,0.69,0.35,0.05),(121,'Yes',2.26,2.86,-0.01,0.08),(122,'No',NULL,1.16,NULL,-0.92),(123,'Yes',0.47,1.08,-0.38,-0.01),(124,'Yes',11.06,11.02,8.30,-1.52),(125,'Yes',6.87,5.15,2.99,-0.62),(126,'Yes',6.44,3.87,2.08,-0.90),(127,'Yes',2.16,2.01,-0.20,0.16),(128,'No',4.76,3.93,NULL,-0.09),(129,'Yes',9.58,8.42,1.17,0.10),(130,'Yes',10.03,8.81,1.13,0.05),(131,'Yes',8.36,7.07,-0.10,0.30),(132,'Yes',4.47,3.96,-0.02,0.20),(133,'No',0.02,NULL,NULL,-0.45),(134,'Yes',3.18,2.59,-0.17,0.12),(135,'Yes',2.29,0.66,0.25,-0.30),(136,'Yes',2.29,2.79,-0.20,-0.13),(137,'No',NULL,1.00,NULL,-1.03),(138,'Yes',0.52,1.07,-0.43,-0.06),(139,'Yes',12.33,10.56,7.34,-1.49),(140,'Yes',5.52,6.85,2.89,-0.81),(141,'Yes',6.53,4.18,1.90,-1.19),(142,'Yes',2.22,2.05,-0.44,-0.13),(143,'Yes',5.10,4.24,-0.24,-0.51),(144,'Yes',10.19,8.95,0.45,-0.61),(145,'Yes',10.56,9.21,0.52,-0.50),(146,'Yes',8.50,7.41,-0.48,-0.34),(147,'Yes',4.79,4.17,-0.19,-0.02),(148,'No',-0.04,NULL,NULL,-0.47),(149,'Yes',3.25,2.68,-0.39,-0.24),(150,'Yes',2.30,0.66,0.06,-0.21),(151,'Yes',2.36,2.74,0.27,0.23),(152,'No',NULL,0.86,-0.65,NULL),(153,'Yes',0.85,0.50,-0.27,0.14),(154,'Yes',8.53,10.61,7.59,1.30),(155,'Yes',6.00,4.32,2.75,0.81),(156,'Yes',4.81,2.97,0.81,2.49),(157,'Yes',1.69,1.63,0.31,-0.06),(158,'Yes',3.97,3.38,0.82,0.62),(159,'No',8.47,7.50,1.35,NULL),(160,'No',8.91,7.96,NULL,1.35),(161,'Yes',7.15,6.25,1.42,0.67),(162,'Yes',4.00,3.71,0.69,0.36),(163,'No',-0.07,NULL,NULL,-0.39),(164,'Yes',2.66,2.27,0.75,0.25),(165,'Yes',1.64,0.65,0.55,-0.02),(166,'No',2.36,2.80,0.04,NULL),(167,'No',NULL,1.14,-0.73,NULL),(168,'Yes',0.57,1.06,-0.28,0.04),(169,'Yes',11.18,10.13,7.52,-0.38),(170,'Yes',6.51,5.36,2.92,-0.40),(171,'Yes',5.80,4.02,2.28,-0.83),(172,'No',1.99,1.88,0.07,NULL),(173,'Yes',4.65,3.96,0.01,0.14),(174,'Yes',9.51,8.44,1.02,0.05),(175,'Yes',9.88,8.65,1.13,0.27),(176,'No',7.85,6.94,0.33,NULL),(177,'Yes',4.00,3.71,0.69,0.36),(178,'No',0.09,NULL,NULL,-0.31),(179,'Yes',3.02,2.53,0.00,0.13),(180,'Yes',2.04,0.58,0.10,-0.12),(181,'No',2.57,3.05,0.39,NULL),(182,'No',NULL,1.32,-0.61,NULL),(183,'No',NULL,1.10,-0.10,0.16),(184,'Yes',10.38,9.65,8.03,-0.33),(185,'Yes',6.18,5.05,3.11,-0.33),(186,'No',5.43,3.87,NULL,-0.60),(187,'Yes',1.91,1.85,0.25,-0.20),(188,'Yes',4.44,3.86,0.38,0.30),(189,'Yes',9.06,8.06,1.57,0.59),(190,'Yes',9.56,8.48,1.57,0.60),(191,'Yes',7.86,6.86,0.82,0.05),(192,'No',4.48,4.12,NULL,0.64),(193,'No',0.24,NULL,NULL,-0.20),(194,'No',2.97,2.52,NULL,0.41),(195,'Yes',1.96,0.57,0.08,-0.16),(196,'Yes',2.68,2.86,0.32,0.29),(197,'Yes',1.04,1.25,0.81,0.02),(198,'Yes',0.98,1.07,-0.02,0.26),(199,'Yes',11.21,9.59,4.31,1.22),(200,'Yes',5.52,5.79,1.68,0.12),(201,'Yes',5.54,4.88,1.05,-0.37),(202,'Yes',2.17,2.15,-0.08,-0.03),(203,'Yes',4.84,4.69,0.23,-0.01),(204,'Yes',9.48,9.07,0.70,0.22),(205,'Yes',9.84,9.34,0.88,0.42),(206,'Yes',8.00,7.92,0.30,0.14),(207,'Yes',4.69,4.64,0.25,0.26),(208,'No',0.29,NULL,NULL,0.12),(209,'Yes',3.03,2.92,0.10,0.04),(210,'Yes',1.73,1.13,-0.06,-0.02),(211,'Yes',3.73,3.36,0.01,-0.10),(212,'Yes',1.80,1.24,0.18,1.03),(213,'Yes',1.57,1.11,0.04,0.04),(214,'Yes',12.17,11.58,2.32,-0.78),(215,'Yes',6.70,5.76,-0.69,1.12),(216,'Yes',5.15,6.46,-0.98,0.41),(217,'Yes',2.61,2.77,-0.36,-0.62),(218,'Yes',5.46,6.04,-0.98,-0.79),(219,'Yes',11.52,11.08,-1.88,-1.27),(220,'Yes',11.98,11.58,-2.01,-1.36),(221,'Yes',9.15,9.88,-1.61,-1.41),(222,'Yes',4.93,5.59,-0.29,-0.18),(223,'No',NULL,0.47,0.21,NULL),(224,'Yes',3.36,3.77,-0.94,-0.82),(225,'No',1.23,2.01,-0.36,NULL),(226,'Yes',3.01,3.48,0.69,0.61),(227,'No',NULL,2.02,0.06,NULL),(228,'Yes',1.50,0.94,0.37,0.42),(229,'Yes',9.29,10.81,7.38,-0.86),(230,'Yes',5.78,4.59,-0.31,3.28),(231,'Yes',5.27,3.02,0.22,2.90),(232,'Yes',2.17,1.97,0.40,0.10),(233,'No',NULL,3.97,0.65,0.93),(234,'Yes',9.55,8.35,0.42,1.55),(235,'Yes',9.93,8.77,0.45,1.57),(236,'Yes',8.26,6.73,0.84,0.81),(237,'Yes',4.82,3.95,0.59,0.48),(238,'No',NULL,0.60,0.15,NULL),(239,'Yes',3.16,2.48,0.50,0.39),(240,'Yes',0.35,1.81,0.20,0.06);
/*!40000 ALTER TABLE `sea_information` ENABLE KEYS */;
UNLOCK TABLES;

--
-- Temporary view structure for view `seasonal_weather`
--

DROP TABLE IF EXISTS `seasonal_weather`;
/*!50001 DROP VIEW IF EXISTS `seasonal_weather`*/;
SET @saved_cs_client     = @@character_set_client;
/*!50503 SET character_set_client = utf8mb4 */;
/*!50001 CREATE VIEW `seasonal_weather` AS SELECT 
 1 AS `Season Type`,
 1 AS `Wind Speed AVG`,
 1 AS `Humidity AVG`,
 1 AS `Temperature AVG`*/;
SET character_set_client = @saved_cs_client;

--
-- Table structure for table `seasons`
--

DROP TABLE IF EXISTS `seasons`;
/*!40101 SET @saved_cs_client     = @@character_set_client */;
/*!50503 SET character_set_client = utf8mb4 */;
CREATE TABLE `seasons` (
  `season_id` int NOT NULL,
  `season_type` varchar(45) NOT NULL,
  `celestial_id` int NOT NULL,
  PRIMARY KEY (`season_id`),
  KEY `fk_Seasons_Celestial Phases1_idx` (`celestial_id`),
  CONSTRAINT `fk_Seasons_Celestial Phases1` FOREIGN KEY (`celestial_id`) REFERENCES `celestial_phases` (`celestial_id`)
) ENGINE=InnoDB DEFAULT CHARSET=utf8;
/*!40101 SET character_set_client = @saved_cs_client */;

--
-- Dumping data for table `seasons`
--

LOCK TABLES `seasons` WRITE;
/*!40000 ALTER TABLE `seasons` DISABLE KEYS */;
INSERT INTO `seasons` VALUES (1,'Spring',1),(2,'Summer',2),(3,'Winter',3),(4,'Fall',4);
/*!40000 ALTER TABLE `seasons` ENABLE KEYS */;
UNLOCK TABLES;

--
-- Temporary view structure for view `state_averages`
--

DROP TABLE IF EXISTS `state_averages`;
/*!50001 DROP VIEW IF EXISTS `state_averages`*/;
SET @saved_cs_client     = @@character_set_client;
/*!50503 SET character_set_client = utf8mb4 */;
/*!50001 CREATE VIEW `state_averages` AS SELECT 
 1 AS `State`,
 1 AS `Date`,
 1 AS `Temperature`,
 1 AS `Dew Point AVG`,
 1 AS `Precipitation AVG`*/;
SET character_set_client = @saved_cs_client;

--
-- Temporary view structure for view `temperature_comparison`
--

DROP TABLE IF EXISTS `temperature_comparison`;
/*!50001 DROP VIEW IF EXISTS `temperature_comparison`*/;
SET @saved_cs_client     = @@character_set_client;
/*!50503 SET character_set_client = utf8mb4 */;
/*!50001 CREATE VIEW `temperature_comparison` AS SELECT 
 1 AS `States`,
 1 AS `Date`,
 1 AS `Temperature`*/;
SET character_set_client = @saved_cs_client;

--
-- Table structure for table `weather_join_precipitation`
--

DROP TABLE IF EXISTS `weather_join_precipitation`;
/*!40101 SET @saved_cs_client     = @@character_set_client */;
/*!50503 SET character_set_client = utf8mb4 */;
CREATE TABLE `weather_join_precipitation` (
  `weather_secondary_id` int NOT NULL,
  `precipitation_id` int NOT NULL,
  PRIMARY KEY (`weather_secondary_id`,`precipitation_id`),
  KEY `fk_Weather Secondary_has_Precipitation_Precipitation1_idx` (`precipitation_id`),
  KEY `fk_Weather Secondary_has_Precipitation_Weather Secondary1_idx` (`weather_secondary_id`),
  CONSTRAINT `fk_Weather Secondary_has_Precipitation_Precipitation1` FOREIGN KEY (`precipitation_id`) REFERENCES `precipitation` (`precipitation_id`),
  CONSTRAINT `fk_Weather Secondary_has_Precipitation_Weather Secondary1` FOREIGN KEY (`weather_secondary_id`) REFERENCES `weather_secondary` (`weather_secondary_id`)
) ENGINE=InnoDB DEFAULT CHARSET=utf8;
/*!40101 SET character_set_client = @saved_cs_client */;

--
-- Dumping data for table `weather_join_precipitation`
--

LOCK TABLES `weather_join_precipitation` WRITE;
/*!40000 ALTER TABLE `weather_join_precipitation` DISABLE KEYS */;
INSERT INTO `weather_join_precipitation` VALUES (1,1),(2,2),(3,3),(4,4),(5,5),(6,6),(7,7),(8,8),(9,9),(10,10),(11,11),(12,12),(13,13),(14,14),(15,15),(16,16),(17,17),(18,18),(19,19),(20,20),(21,21),(22,22),(23,23),(24,24),(25,25),(26,26),(27,27),(28,28),(29,29),(30,30),(31,31),(32,32),(33,33),(34,34),(35,35),(36,36),(37,37),(38,38),(39,39),(40,40),(41,41),(42,42),(43,43),(44,44),(45,45),(46,46),(47,47),(48,48),(49,49),(50,50),(51,51),(52,52),(53,53),(54,54),(55,55),(56,56),(57,57),(58,58),(59,59),(60,60),(62,62),(63,63),(64,64),(65,65),(66,66),(67,67),(68,68),(69,69),(70,70),(71,71),(72,72),(73,73),(74,74),(75,75),(76,76),(77,77),(78,78),(79,79),(80,80),(81,81),(82,82),(83,83),(84,84),(85,85),(86,86),(87,87),(88,88),(89,89),(90,90),(91,91),(92,92),(93,93),(94,94),(95,95),(96,96),(97,97),(98,98),(99,99),(100,100),(101,101),(102,102),(103,103),(104,104),(105,105),(106,106),(107,107),(108,108),(109,109),(110,110),(111,111),(112,112),(113,113),(114,114),(115,115),(116,116),(117,117),(118,118),(119,119),(120,120),(121,121),(122,122),(123,123),(124,124),(125,125),(126,126),(127,127),(128,128),(129,129),(130,130),(131,131),(132,132),(133,133),(134,134),(135,135),(136,136),(137,137),(138,138),(139,139),(140,140),(141,141),(142,142),(143,143),(144,144),(145,145),(146,146),(147,147),(148,148),(149,149),(150,150),(151,151),(153,153),(154,154),(155,155),(156,156),(157,157),(158,158),(159,159),(160,160),(161,161),(162,162),(163,163),(164,164),(165,165),(166,166),(167,167),(168,168),(169,169),(170,170),(171,171),(172,172),(173,173),(174,174),(175,175),(176,176),(177,177),(178,178),(179,179),(180,180),(181,181),(182,182),(183,183),(184,184),(185,185),(186,186),(187,187),(188,188),(189,189),(190,190),(191,191),(192,192),(193,193),(194,194),(195,195),(196,196),(197,197),(198,198),(199,199),(200,200),(201,201),(202,202),(203,203),(204,204),(205,205),(206,206),(207,207),(208,208),(209,209),(210,210),(211,211),(212,212),(213,213),(214,214),(215,215),(216,216),(217,217),(218,218),(219,219),(220,220),(221,221),(222,222),(223,223),(224,224),(225,225),(226,226),(227,227),(228,228),(229,229),(230,230),(231,231),(232,232),(233,233),(234,234),(235,235),(236,236),(237,237),(238,238),(239,239),(240,240);
/*!40000 ALTER TABLE `weather_join_precipitation` ENABLE KEYS */;
UNLOCK TABLES;

--
-- Table structure for table `weather_primary`
--

DROP TABLE IF EXISTS `weather_primary`;
/*!40101 SET @saved_cs_client     = @@character_set_client */;
/*!50503 SET character_set_client = utf8mb4 */;
CREATE TABLE `weather_primary` (
  `weather_primary_id` int NOT NULL AUTO_INCREMENT,
  `temperature` decimal(5,2) NOT NULL,
  `humidity` decimal(5,2) NOT NULL,
  `wind_speed` decimal(5,2) NOT NULL,
  `date` date NOT NULL,
  `weather_secondary_id` int NOT NULL,
  `region_id` int NOT NULL,
  `season_id` int NOT NULL,
  PRIMARY KEY (`weather_primary_id`),
  KEY `fk_Weather Primary_Weather Secondary_idx` (`weather_secondary_id`),
  KEY `fk_Weather Primary_Regions1_idx` (`region_id`),
  KEY `fk_Weather Primary_Seasons1_idx` (`season_id`),
  CONSTRAINT `fk_Weather Primary_Regions1` FOREIGN KEY (`region_id`) REFERENCES `regions` (`region_id`),
  CONSTRAINT `fk_Weather Primary_Seasons1` FOREIGN KEY (`season_id`) REFERENCES `seasons` (`season_id`),
  CONSTRAINT `fk_Weather Primary_Weather Secondary` FOREIGN KEY (`weather_secondary_id`) REFERENCES `weather_secondary` (`weather_secondary_id`)
) ENGINE=InnoDB AUTO_INCREMENT=241 DEFAULT CHARSET=utf8;
/*!40101 SET character_set_client = @saved_cs_client */;

--
-- Dumping data for table `weather_primary`
--

LOCK TABLES `weather_primary` WRITE;
/*!40000 ALTER TABLE `weather_primary` DISABLE KEYS */;
INSERT INTO `weather_primary` VALUES (1,76.00,63.00,1.10,'2019-06-10',1,1,2),(2,92.00,61.10,11.50,'2019-06-10',2,2,2),(3,77.00,87.30,5.70,'2019-06-10',3,3,2),(4,79.00,51.00,9.50,'2019-06-10',4,4,2),(5,97.00,46.90,5.50,'2019-06-10',5,5,2),(6,76.00,82.90,5.70,'2019-06-10',6,6,2),(7,89.00,79.20,4.30,'2019-06-10',7,7,2),(8,70.00,87.70,12.30,'2019-06-10',8,8,2),(9,83.00,61.70,5.80,'2019-06-10',9,9,2),(10,74.00,72.40,11.70,'2019-06-10',10,10,2),(11,83.00,80.90,6.80,'2019-06-10',11,11,2),(12,86.00,80.50,4.30,'2019-06-10',12,12,2),(13,93.00,60.80,9.90,'2019-06-10',13,13,2),(14,83.00,83.00,11.20,'2019-06-10',14,14,2),(15,91.00,56.10,10.70,'2019-06-10',15,15,2),(16,81.00,57.40,8.60,'2019-06-21',16,1,2),(17,91.00,74.00,12.70,'2019-06-21',17,2,2),(18,84.00,55.00,13.80,'2019-06-21',18,3,2),(19,71.00,60.90,8.30,'2019-06-21',19,4,2),(20,70.00,69.50,9.80,'2019-06-21',20,5,2),(21,69.00,79.50,7.10,'2019-06-21',21,6,2),(22,95.00,67.80,5.20,'2019-06-21',22,7,2),(23,77.00,74.70,11.60,'2019-06-21',23,8,2),(24,67.00,89.40,10.60,'2019-06-21',24,9,2),(25,76.00,79.60,10.20,'2019-06-21',25,10,2),(26,91.00,64.90,11.40,'2019-06-21',26,11,2),(27,88.00,56.20,6.10,'2019-06-21',27,12,2),(28,93.00,73.60,8.70,'2019-06-21',28,13,2),(29,92.00,64.90,11.60,'2019-06-21',29,14,2),(30,85.00,73.40,5.80,'2019-06-21',30,15,2),(31,87.00,66.70,1.70,'2019-07-04',31,1,2),(32,89.00,77.20,9.50,'2019-07-04',32,2,2),(33,90.00,76.20,6.60,'2019-07-04',33,3,2),(34,74.00,73.60,4.80,'2019-07-04',34,4,2),(35,71.00,72.40,11.30,'2019-07-04',35,5,2),(36,71.00,69.10,5.80,'2019-07-04',36,6,2),(37,92.00,66.80,7.00,'2019-07-04',37,7,2),(38,91.00,60.20,8.20,'2019-07-04',38,8,2),(39,87.00,60.90,3.30,'2019-07-04',39,9,2),(40,84.00,55.80,5.70,'2019-07-04',40,10,2),(41,95.00,61.60,7.40,'2019-07-04',41,11,2),(42,93.00,66.60,8.00,'2019-07-04',42,12,2),(43,94.00,71.20,4.10,'2019-07-04',43,13,2),(44,90.00,86.30,6.40,'2019-07-04',44,14,2),(45,86.00,70.60,7.10,'2019-07-04',45,15,2),(46,90.00,36.40,2.00,'2019-07-27',46,1,2),(47,94.00,66.00,9.70,'2019-07-27',47,2,2),(48,88.00,58.60,7.10,'2019-07-27',48,3,2),(49,74.00,64.30,10.50,'2019-07-27',49,4,2),(50,78.00,67.30,8.70,'2019-07-27',50,5,2),(51,78.00,82.20,5.80,'2019-07-27',51,6,2),(52,92.00,69.40,3.40,'2019-07-27',52,7,2),(53,86.00,55.70,9.10,'2019-07-27',53,8,2),(54,81.00,82.70,4.90,'2019-07-27',54,9,2),(55,82.00,60.80,9.80,'2019-07-27',55,10,2),(56,87.00,53.60,5.20,'2019-07-27',56,11,2),(57,88.00,59.10,3.20,'2019-07-27',57,12,2),(58,87.00,74.80,6.80,'2019-07-27',58,13,2),(59,84.00,65.80,6.70,'2019-07-27',59,14,2),(60,89.00,57.30,12.90,'2019-07-27',60,15,2),(62,91.00,71.20,6.80,'2019-10-02',62,2,3),(63,97.00,61.30,7.90,'2019-10-02',63,3,3),(64,63.00,55.50,4.90,'2019-10-02',64,4,3),(65,71.00,59.00,10.30,'2019-10-02',65,5,3),(66,74.00,68.80,4.50,'2019-10-02',66,6,3),(67,87.00,73.30,11.50,'2019-10-02',67,7,3),(68,93.00,64.70,10.20,'2019-10-02',68,8,3),(69,63.00,87.10,9.20,'2019-10-02',69,9,3),(70,77.00,78.10,11.60,'2019-10-02',70,10,3),(71,95.00,55.40,4.00,'2019-10-02',71,11,3),(72,97.00,63.30,3.30,'2019-10-02',72,12,3),(73,94.00,67.90,5.20,'2019-10-02',73,13,3),(74,85.00,78.60,6.10,'2019-10-02',74,14,3),(75,88.00,69.60,14.80,'2019-10-02',75,15,3),(76,63.00,45.50,6.10,'2019-10-18',76,1,3),(77,81.00,66.10,4.90,'2019-10-18',77,2,3),(78,65.00,48.40,10.70,'2019-10-18',78,3,3),(79,52.00,83.60,11.10,'2019-10-18',79,4,3),(80,67.00,68.40,12.50,'2019-10-18',80,5,3),(81,74.00,72.00,5.00,'2019-10-18',81,6,3),(82,88.00,72.90,5.20,'2019-10-18',82,7,3),(83,59.00,56.50,19.20,'2019-10-18',83,8,3),(84,56.00,66.80,10.30,'2019-10-18',84,9,3),(85,61.00,53.60,14.90,'2019-10-18',85,10,3),(86,66.00,55.60,8.70,'2019-10-18',86,11,3),(87,70.00,56.80,3.70,'2019-10-18',87,12,3),(88,71.00,61.50,10.80,'2019-10-18',88,13,3),(89,69.00,59.70,5.00,'2019-10-18',89,14,3),(90,88.00,63.90,11.30,'2019-10-18',90,15,3),(91,52.00,49.50,7.40,'2019-11-01',91,1,3),(92,60.00,62.50,5.70,'2019-11-01',92,2,3),(93,54.00,50.00,13.30,'2019-11-01',93,3,3),(94,56.00,68.00,10.50,'2019-11-01',94,4,3),(95,71.00,40.20,3.30,'2019-11-01',95,5,3),(96,75.00,40.30,2.50,'2019-11-01',96,6,3),(97,90.00,69.30,3.60,'2019-11-01',97,7,3),(98,66.00,58.00,19.10,'2019-11-01',98,8,3),(99,67.00,68.50,15.40,'2019-11-01',99,9,3),(100,72.00,49.30,21.60,'2019-11-01',100,10,3),(101,57.00,61.20,9.90,'2019-11-01',101,11,3),(102,60.00,54.60,5.80,'2019-11-01',102,12,3),(103,57.00,55.60,8.00,'2019-11-01',103,13,3),(104,68.00,57.60,11.60,'2019-11-01',104,14,3),(105,85.00,69.30,5.40,'2019-11-01',105,15,3),(106,52.00,60.40,1.30,'2019-11-15',106,1,3),(107,61.00,69.80,7.20,'2019-11-15',107,2,3),(108,54.00,55.40,5.50,'2019-11-15',108,3,3),(109,58.00,82.70,9.90,'2019-11-15',109,4,3),(110,66.00,77.00,7.70,'2019-11-15',110,5,3),(111,70.00,79.50,4.60,'2019-11-15',111,6,3),(112,84.00,79.00,6.10,'2019-11-15',112,7,3),(113,51.00,40.90,8.60,'2019-11-15',113,8,3),(114,43.00,65.20,7.80,'2019-11-15',114,9,3),(115,54.00,45.90,13.10,'2019-11-15',115,10,3),(116,49.00,88.70,8.00,'2019-11-15',116,11,3),(117,50.00,60.30,8.50,'2019-11-15',117,12,3),(118,61.00,58.90,10.70,'2019-11-15',118,13,3),(119,53.00,96.20,12.00,'2019-11-15',119,14,3),(120,85.00,73.70,5.00,'2019-11-15',120,15,3),(121,44.00,57.20,5.30,'2020-01-08',121,1,4),(122,68.00,68.00,8.80,'2020-01-08',122,2,4),(123,47.00,59.70,11.90,'2020-01-08',123,3,4),(124,45.00,81.40,11.50,'2020-01-08',124,4,4),(125,56.00,74.80,9.50,'2020-01-08',125,5,4),(126,63.00,67.70,5.30,'2020-01-08',126,6,4),(127,78.00,54.60,7.40,'2020-01-08',127,7,4),(128,42.00,56.90,18.50,'2020-01-08',128,8,4),(129,31.00,82.60,5.30,'2020-01-08',129,9,4),(130,44.00,57.80,14.60,'2020-01-08',130,10,4),(131,61.00,44.10,6.80,'2020-01-08',131,11,4),(132,60.00,47.90,5.40,'2020-01-08',132,12,4),(133,66.00,57.50,6.90,'2020-01-08',133,13,4),(134,63.00,59.80,4.70,'2020-01-08',134,14,4),(135,81.00,63.90,15.50,'2020-01-08',135,15,4),(136,50.00,70.20,3.50,'2020-01-24',136,1,4),(137,67.00,62.30,5.00,'2020-01-24',137,2,4),(138,51.00,73.00,7.30,'2020-01-24',138,3,4),(139,52.00,88.80,10.30,'2020-01-24',139,4,4),(140,62.00,85.20,7.30,'2020-01-24',140,5,4),(141,66.00,89.20,2.90,'2020-01-24',141,6,4),(142,79.00,71.20,4.30,'2020-01-24',142,7,4),(143,46.00,65.40,7.20,'2020-01-24',143,8,4),(144,41.00,74.00,4.50,'2020-01-24',144,9,4),(145,48.00,61.30,7.00,'2020-01-24',145,10,4),(146,58.00,83.80,6.80,'2020-01-24',146,11,4),(147,59.00,87.10,8.10,'2020-01-24',147,12,4),(148,66.00,64.10,8.60,'2020-01-24',148,13,4),(149,61.00,93.20,9.10,'2020-01-24',149,14,4),(150,80.00,70.00,5.50,'2020-01-24',150,15,4),(151,64.00,51.90,2.80,'2020-02-03',151,1,4),(152,75.00,75.40,13.70,'2020-02-03',152,2,4),(153,61.00,53.20,6.70,'2020-02-03',153,3,4),(154,41.00,87.40,3.60,'2020-02-03',154,4,4),(155,56.00,44.30,11.80,'2020-02-03',155,5,4),(156,65.00,38.40,8.40,'2020-02-03',156,6,4),(157,75.00,59.20,3.70,'2020-02-03',157,7,4),(158,56.00,62.10,8.20,'2020-02-03',158,8,4),(159,41.00,61.70,7.00,'2020-02-03',159,9,4),(160,49.00,54.20,9.60,'2020-02-03',160,10,4),(161,76.00,45.70,7.80,'2020-02-03',161,11,4),(162,73.00,44.80,7.30,'2020-02-03',162,12,4),(163,72.00,74.90,8.70,'2020-02-03',163,13,4),(164,64.00,67.30,9.10,'2020-02-03',164,14,4),(165,83.00,62.60,8.90,'2020-02-03',165,15,4),(166,58.00,35.20,1.90,'2020-02-19',166,1,4),(167,62.00,81.10,10.10,'2020-02-19',167,2,4),(168,54.00,41.30,13.10,'2020-02-19',168,3,4),(169,55.00,54.30,8.30,'2020-02-19',169,4,4),(170,61.00,71.30,7.00,'2020-02-19',170,5,4),(171,65.00,77.80,4.80,'2020-02-19',171,6,4),(172,84.00,69.80,7.30,'2020-02-19',172,7,4),(173,47.00,46.20,14.50,'2020-02-19',173,8,4),(174,37.00,58.80,10.50,'2020-02-19',174,9,4),(175,46.00,43.80,15.00,'2020-02-19',175,10,4),(176,60.00,85.80,9.80,'2020-02-19',176,11,4),(177,63.00,74.70,8.20,'2020-02-19',177,12,4),(178,74.00,85.50,7.00,'2020-02-19',178,13,4),(179,64.00,90.80,8.20,'2020-02-19',179,14,4),(180,81.00,70.70,18.30,'2020-02-19',180,15,4),(181,53.00,42.00,3.00,'2020-03-05',181,1,1),(182,75.00,54.10,13.10,'2020-03-05',182,2,1),(183,54.00,63.60,8.30,'2020-03-05',183,3,1),(184,55.00,77.20,8.80,'2020-03-05',184,4,1),(185,62.00,73.80,6.80,'2020-03-05',185,5,1),(186,71.00,82.00,5.00,'2020-03-05',186,6,1),(187,89.00,68.10,8.40,'2020-03-05',187,7,1),(188,52.00,48.50,12.90,'2020-03-05',188,8,1),(189,45.00,43.80,9.40,'2020-03-05',189,9,1),(190,51.00,42.00,10.80,'2020-03-05',190,10,1),(191,53.00,86.60,11.50,'2020-03-05',191,11,1),(192,57.00,82.20,5.20,'2020-03-05',192,12,1),(193,69.00,75.30,10.70,'2020-03-05',193,13,1),(194,54.00,93.30,8.00,'2020-03-05',194,14,1),(195,82.00,71.90,10.10,'2020-03-05',195,15,1),(196,50.00,44.00,6.40,'2020-03-22',196,1,1),(197,79.00,84.40,10.10,'2020-03-22',197,2,1),(198,52.00,49.60,11.60,'2020-03-22',198,3,1),(199,57.00,75.30,9.30,'2020-03-22',199,4,1),(200,64.00,70.20,5.20,'2020-03-22',200,5,1),(201,69.00,71.70,5.10,'2020-03-22',201,6,1),(202,84.00,64.70,9.20,'2020-03-22',202,7,1),(203,43.00,39.80,13.60,'2020-03-22',203,8,1),(204,34.00,34.30,6.50,'2020-03-22',204,9,1),(205,32.00,44.00,11.90,'2020-03-22',205,10,1),(206,63.00,77.40,10.50,'2020-03-22',206,11,1),(207,62.00,65.10,12.30,'2020-03-22',207,12,1),(208,80.00,74.60,8.20,'2020-03-22',208,13,1),(209,61.00,80.00,8.70,'2020-03-22',209,14,1),(210,82.00,63.20,13.80,'2020-03-22',210,15,1),(211,69.00,59.90,8.30,'2020-04-09',211,1,1),(212,90.00,77.70,8.00,'2020-04-09',212,2,1),(213,73.00,63.40,14.70,'2020-04-09',213,3,1),(214,68.00,51.60,8.00,'2020-04-09',214,4,1),(215,62.00,74.20,6.90,'2020-04-09',215,5,1),(216,63.00,79.40,8.10,'2020-04-09',216,6,1),(217,94.00,70.10,9.30,'2020-04-09',217,7,1),(218,58.00,67.80,14.40,'2020-04-09',218,8,1),(219,42.00,91.50,10.30,'2020-04-09',219,9,1),(220,48.00,84.60,13.70,'2020-04-09',220,10,1),(221,78.00,68.20,11.90,'2020-04-09',221,11,1),(222,82.00,55.20,9.40,'2020-04-09',222,12,1),(223,88.00,76.60,9.40,'2020-04-09',223,13,1),(224,88.00,60.90,12.10,'2020-04-09',224,14,1),(225,81.00,73.30,6.20,'2020-04-09',225,15,1),(226,56.00,72.10,1.30,'2020-04-28',226,1,1),(227,85.00,82.50,13.10,'2020-04-28',227,2,1),(228,57.00,72.20,5.00,'2020-04-28',228,3,1),(229,62.00,74.30,4.90,'2020-04-28',229,4,1),(230,70.00,76.10,15.00,'2020-04-28',230,5,1),(231,73.00,72.90,5.40,'2020-04-28',231,6,1),(232,83.00,54.90,9.60,'2020-04-28',232,7,1),(233,65.00,53.10,9.40,'2020-04-28',233,8,1),(234,55.00,53.00,10.70,'2020-04-28',234,9,1),(235,44.00,72.30,11.00,'2020-04-28',235,10,1),(236,78.00,46.70,5.60,'2020-04-28',236,11,1),(237,75.00,47.10,4.60,'2020-04-28',237,12,1),(238,83.00,74.30,10.20,'2020-04-28',238,13,1),(239,73.00,66.80,8.40,'2020-04-28',239,14,1),(240,85.00,60.60,11.70,'2020-04-28',240,15,1);
/*!40000 ALTER TABLE `weather_primary` ENABLE KEYS */;
UNLOCK TABLES;

--
-- Table structure for table `weather_secondary`
--

DROP TABLE IF EXISTS `weather_secondary`;
/*!40101 SET @saved_cs_client     = @@character_set_client */;
/*!50503 SET character_set_client = utf8mb4 */;
CREATE TABLE `weather_secondary` (
  `weather_secondary_id` int NOT NULL,
  `pressure_Hg` decimal(5,2) NOT NULL,
  `precipitation_in` decimal(5,2) NOT NULL,
  `dew_point` decimal(5,2) NOT NULL,
  PRIMARY KEY (`weather_secondary_id`)
) ENGINE=InnoDB DEFAULT CHARSET=utf8;
/*!40101 SET character_set_client = @saved_cs_client */;

--
-- Dumping data for table `weather_secondary`
--

LOCK TABLES `weather_secondary` WRITE;
/*!40000 ALTER TABLE `weather_secondary` DISABLE KEYS */;
INSERT INTO `weather_secondary` VALUES (1,29.93,0.00,49.68),(2,30.06,0.00,70.13),(3,30.08,0.22,66.07),(4,29.87,0.00,46.92),(5,29.99,0.00,54.83),(6,30.00,0.00,60.69),(7,30.08,0.75,72.64),(8,30.21,0.00,60.04),(9,30.21,0.00,60.04),(10,30.25,0.00,54.07),(11,28.92,0.02,69.83),(12,29.21,0.49,69.55),(13,30.04,0.00,71.00),(14,29.97,0.07,73.86),(15,30.04,0.00,66.96),(16,29.89,0.00,57.92),(17,29.87,0.00,76.96),(18,29.93,0.08,58.92),(19,29.75,0.01,46.88),(20,29.91,0.00,51.23),(21,29.92,0.01,58.13),(22,30.12,0.00,74.50),(23,29.79,1.27,59.97),(24,29.79,1.27,59.97),(25,29.67,1.47,60.24),(26,28.97,0.00,67.96),(27,29.22,0.19,60.92),(28,30.03,0.00,77.04),(29,29.96,0.00,67.96),(30,29.96,0.00,69.50),(31,30.04,0.00,56.67),(32,29.97,0.00,76.15),(33,30.07,0.00,72.73),(34,29.61,0.00,53.46),(35,29.97,0.00,50.96),(36,29.96,0.00,56.85),(37,30.04,1.47,73.83),(38,30.11,0.00,64.00),(39,30.11,0.00,64.00),(40,30.11,0.00,61.71),(41,28.99,0.00,69.40),(42,29.29,0.00,69.34),(43,30.06,0.00,74.58),(44,30.04,0.16,76.35),(45,29.93,0.00,70.54),(46,30.24,0.00,43.86),(47,30.07,0.00,73.04),(48,30.28,0.00,63.46),(49,29.80,0.00,54.85),(50,30.05,0.00,54.69),(51,29.98,0.00,67.45),(52,30.16,1.70,72.68),(53,30.25,0.00,62.85),(54,30.25,0.00,62.85),(55,30.28,0.00,60.63),(56,29.21,0.00,60.88),(57,29.52,0.00,60.04),(58,30.22,0.08,72.58),(59,30.23,0.00,65.96),(60,30.05,0.00,66.79),(62,29.96,0.00,72.54),(63,29.93,0.00,67.13),(64,29.66,0.00,37.54),(65,30.05,0.00,44.60),(66,29.94,0.00,54.96),(67,29.93,0.02,72.95),(68,29.94,0.00,65.59),(69,29.94,0.00,65.59),(70,30.05,0.00,59.58),(71,29.01,0.00,66.08),(72,29.37,0.00,69.38),(73,30.02,0.00,73.29),(74,30.03,0.00,70.21),(75,29.96,0.10,69.92),(76,30.01,0.00,31.83),(77,29.85,0.03,56.25),(78,30.05,0.00,35.75),(79,29.46,0.15,45.31),(80,30.09,0.00,49.32),(81,29.93,0.00,57.83),(82,29.94,0.05,74.00),(83,30.00,0.00,38.54),(84,30.00,0.00,38.54),(85,29.90,0.00,37.35),(86,28.95,0.00,41.17),(87,29.27,0.00,38.71),(88,29.91,0.00,57.34),(89,30.02,0.00,43.50),(90,30.07,0.01,68.04),(91,30.25,0.00,27.11),(92,30.36,0.00,36.46),(93,30.30,1.00,30.46),(94,30.00,0.00,35.54),(95,30.17,0.00,33.25),(96,30.07,0.00,33.88),(97,30.07,0.00,71.85),(98,30.22,0.20,36.71),(99,30.22,0.20,36.71),(100,30.18,0.07,37.00),(101,29.19,0.20,31.38),(102,29.47,0.76,32.56),(103,30.40,0.22,35.33),(104,30.20,0.46,41.12),(105,29.90,0.00,68.04),(106,30.25,0.00,23.10),(107,30.35,0.19,38.52),(108,30.30,0.00,27.46),(109,29.80,0.00,46.47),(110,30.22,0.00,51.54),(111,30.10,0.00,57.56),(112,29.99,0.27,69.61),(113,30.26,0.00,22.25),(114,30.26,0.00,22.25),(115,30.23,0.00,23.92),(116,29.10,0.43,42.33),(117,29.46,0.01,30.88),(118,30.28,0.05,37.62),(119,30.15,0.29,49.26),(120,30.01,0.00,70.52),(121,30.47,0.00,19.13),(122,30.33,0.00,44.50),(123,30.52,0.32,23.00),(124,29.51,0.08,34.78),(125,30.15,0.03,45.23),(126,30.05,0.00,45.42),(127,30.32,0.00,52.08),(128,30.37,0.00,20.35),(129,30.37,0.00,20.35),(130,30.15,0.02,22.44),(131,29.34,0.00,25.29),(132,29.65,0.09,24.79),(133,30.48,0.00,38.79),(134,30.44,0.00,32.63),(135,30.08,0.00,62.26),(136,30.29,0.00,31.47),(137,30.15,0.00,39.40),(138,30.33,0.00,34.83),(139,29.54,1.14,46.48),(140,30.19,0.00,49.59),(141,30.02,0.00,54.49),(142,30.06,0.31,61.63),(143,30.38,0.00,28.54),(144,30.38,0.00,28.54),(145,30.42,0.00,27.63),(146,28.97,0.83,41.53),(147,29.39,0.25,43.24),(148,30.15,0.34,42.96),(149,30.11,0.00,55.32),(150,30.10,0.00,63.17),(151,29.89,0.00,32.15),(152,29.95,0.00,59.28),(153,29.94,0.01,37.00),(154,29.99,0.07,33.67),(155,30.19,0.00,25.96),(156,29.97,0.00,33.04),(157,30.23,0.00,47.75),(158,29.85,0.05,33.08),(159,29.85,0.05,33.08),(160,29.89,0.00,26.50),(161,29.02,0.00,36.46),(162,29.25,0.00,36.17),(163,30.13,0.00,54.79),(164,30.06,0.00,43.79),(165,30.02,0.00,62.17),(166,30.38,0.00,17.72),(167,30.18,0.00,53.48),(168,30.43,0.01,23.54),(169,29.87,0.00,26.58),(170,30.14,0.00,43.08),(171,30.09,0.00,54.15),(172,30.19,0.00,68.31),(173,30.37,0.00,21.58),(174,30.37,0.00,21.58),(175,30.30,0.45,18.96),(176,29.22,2.37,48.07),(177,29.58,0.36,44.19),(178,30.25,0.00,63.48),(179,30.33,0.76,54.32),(180,30.19,0.00,64.08),(181,30.15,0.00,22.34),(182,30.28,0.00,44.56),(183,30.19,0.00,27.92),(184,29.60,0.00,38.81),(185,30.17,0.00,47.27),(186,30.16,0.00,56.35),(187,30.09,0.00,69.42),(188,30.13,0.00,25.38),(189,30.13,0.00,25.38),(190,30.11,0.00,20.60),(191,28.98,1.84,47.29),(192,29.33,0.00,44.52),(193,30.22,0.13,53.65),(194,30.13,0.44,48.76),(195,30.10,0.00,63.88),(196,30.55,0.00,22.04),(197,30.14,0.14,63.53),(198,30.59,0.00,27.88),(199,29.72,0.00,38.48),(200,30.11,0.00,46.76),(201,30.15,0.00,52.40),(202,30.23,0.00,64.63),(203,30.68,0.00,15.17),(204,30.68,0.00,15.17),(205,30.73,0.00,9.88),(206,29.21,0.00,48.42),(207,29.62,0.00,43.71),(208,30.26,0.02,63.32),(209,30.34,0.00,49.30),(210,30.13,0.00,62.88),(211,29.53,0.00,38.81),(212,29.94,0.00,69.11),(213,31.00,0.14,45.48),(214,29.74,0.00,36.88),(215,30.09,0.00,48.59),(216,30.15,0.11,52.00),(217,29.94,0.00,70.03),(218,29.60,0.00,41.38),(219,29.60,0.00,41.38),(220,29.60,0.03,40.47),(221,28.74,0.20,55.18),(222,28.89,0.11,47.14),(223,29.91,0.00,71.19),(224,29.69,0.04,58.65),(225,30.01,0.59,64.71),(226,30.17,0.00,38.19),(227,29.97,0.00,72.38),(228,30.22,0.00,42.76),(229,29.79,0.01,45.25),(230,30.12,0.00,51.56),(231,30.00,0.00,58.81),(232,30.16,0.00,59.21),(233,30.13,0.00,33.96),(234,30.13,0.00,33.96),(235,30.16,0.53,32.81),(236,29.11,0.00,44.16),(237,29.39,0.00,41.88),(238,30.12,0.00,62.03),(239,30.19,0.00,52.38),(240,30.14,0.01,63.29);
/*!40000 ALTER TABLE `weather_secondary` ENABLE KEYS */;
UNLOCK TABLES;

--
-- Dumping events for database 'weather_db'
--

--
-- Dumping routines for database 'weather_db'
--

--
-- Final view structure for view `celestial_tides`
--

/*!50001 DROP VIEW IF EXISTS `celestial_tides`*/;
/*!50001 SET @saved_cs_client          = @@character_set_client */;
/*!50001 SET @saved_cs_results         = @@character_set_results */;
/*!50001 SET @saved_col_connection     = @@collation_connection */;
/*!50001 SET character_set_client      = utf8mb4 */;
/*!50001 SET character_set_results     = utf8mb4 */;
/*!50001 SET collation_connection      = utf8mb4_0900_ai_ci */;
/*!50001 CREATE ALGORITHM=UNDEFINED */
/*!50013 DEFINER=`root`@`localhost` SQL SECURITY DEFINER */
/*!50001 VIEW `celestial_tides` AS select `celestial_phases`.`moon_type` AS `Moon Type`,concat(round(avg(`sea_information`.`high_tide_rise_height`),2),' feet') AS `High Tide Rise Height` from (`celestial_phases` join `sea_information` on((`celestial_phases`.`sea_info_id` = `sea_information`.`sea_info_id`))) group by `celestial_phases`.`moon_type` order by avg(`sea_information`.`high_tide_rise_height`) desc */;
/*!50001 SET character_set_client      = @saved_cs_client */;
/*!50001 SET character_set_results     = @saved_cs_results */;
/*!50001 SET collation_connection      = @saved_col_connection */;

--
-- Final view structure for view `region_comparison`
--

/*!50001 DROP VIEW IF EXISTS `region_comparison`*/;
/*!50001 SET @saved_cs_client          = @@character_set_client */;
/*!50001 SET @saved_cs_results         = @@character_set_results */;
/*!50001 SET @saved_col_connection     = @@collation_connection */;
/*!50001 SET character_set_client      = utf8mb4 */;
/*!50001 SET character_set_results     = utf8mb4 */;
/*!50001 SET collation_connection      = utf8mb4_0900_ai_ci */;
/*!50001 CREATE ALGORITHM=UNDEFINED */
/*!50013 DEFINER=`root`@`localhost` SQL SECURITY DEFINER */
/*!50001 VIEW `region_comparison` AS select concat(round(max(`weather_primary`.`temperature`),2),'F') AS `Highest Temperature`,`regions`.`city` AS `City`,`regions`.`state` AS `State`,`regions`.`zip_code` AS `Zip Code` from (`weather_primary` join `regions` on((`weather_primary`.`region_id` = `regions`.`region_id`))) group by `regions`.`state` order by max(`weather_primary`.`temperature`) desc,`regions`.`state` */;
/*!50001 SET character_set_client      = @saved_cs_client */;
/*!50001 SET character_set_results     = @saved_cs_results */;
/*!50001 SET collation_connection      = @saved_col_connection */;

--
-- Final view structure for view `seasonal_weather`
--

/*!50001 DROP VIEW IF EXISTS `seasonal_weather`*/;
/*!50001 SET @saved_cs_client          = @@character_set_client */;
/*!50001 SET @saved_cs_results         = @@character_set_results */;
/*!50001 SET @saved_col_connection     = @@collation_connection */;
/*!50001 SET character_set_client      = utf8mb4 */;
/*!50001 SET character_set_results     = utf8mb4 */;
/*!50001 SET collation_connection      = utf8mb4_0900_ai_ci */;
/*!50001 CREATE ALGORITHM=UNDEFINED */
/*!50013 DEFINER=`root`@`localhost` SQL SECURITY DEFINER */
/*!50001 VIEW `seasonal_weather` AS select `seasons`.`season_type` AS `Season Type`,concat(round(avg(`weather_primary`.`wind_speed`),2),' MPH') AS `Wind Speed AVG`,concat(round(avg(`weather_primary`.`humidity`),2),'%') AS `Humidity AVG`,concat(round(avg(`weather_primary`.`temperature`),2),'F') AS `Temperature AVG` from (`weather_primary` join `seasons` on((`weather_primary`.`season_id` = `seasons`.`season_id`))) where (`weather_primary`.`wind_speed` > 1) group by `seasons`.`season_type` order by `seasons`.`season_type` */;
/*!50001 SET character_set_client      = @saved_cs_client */;
/*!50001 SET character_set_results     = @saved_cs_results */;
/*!50001 SET collation_connection      = @saved_col_connection */;

--
-- Final view structure for view `state_averages`
--

/*!50001 DROP VIEW IF EXISTS `state_averages`*/;
/*!50001 SET @saved_cs_client          = @@character_set_client */;
/*!50001 SET @saved_cs_results         = @@character_set_results */;
/*!50001 SET @saved_col_connection     = @@collation_connection */;
/*!50001 SET character_set_client      = utf8mb4 */;
/*!50001 SET character_set_results     = utf8mb4 */;
/*!50001 SET collation_connection      = utf8mb4_0900_ai_ci */;
/*!50001 CREATE ALGORITHM=UNDEFINED */
/*!50013 DEFINER=`root`@`localhost` SQL SECURITY DEFINER */
/*!50001 VIEW `state_averages` AS select `regions`.`state` AS `State`,`weather_primary`.`date` AS `Date`,concat(`weather_primary`.`temperature`,'F') AS `Temperature`,concat(round(avg(`ws`.`dew_point`),2),'%') AS `Dew Point AVG`,concat(round(avg(`p`.`precipitation_id`),2),' in') AS `Precipitation AVG` from ((((`weather_primary` join `regions` on((`weather_primary`.`region_id` = `regions`.`region_id`))) join `weather_secondary` `ws` on((`weather_primary`.`weather_secondary_id` = `ws`.`weather_secondary_id`))) join `weather_join_precipitation` on((`weather_primary`.`weather_secondary_id` = `weather_join_precipitation`.`weather_secondary_id`))) join `precipitation` `p` on((`weather_join_precipitation`.`precipitation_id` = `p`.`precipitation_id`))) where (`weather_primary`.`temperature` > (select avg(`weather_primary`.`temperature`) from `weather_primary`)) group by `regions`.`state` order by `regions`.`state` */;
/*!50001 SET character_set_client      = @saved_cs_client */;
/*!50001 SET character_set_results     = @saved_cs_results */;
/*!50001 SET collation_connection      = @saved_col_connection */;

--
-- Final view structure for view `temperature_comparison`
--

/*!50001 DROP VIEW IF EXISTS `temperature_comparison`*/;
/*!50001 SET @saved_cs_client          = @@character_set_client */;
/*!50001 SET @saved_cs_results         = @@character_set_results */;
/*!50001 SET @saved_col_connection     = @@collation_connection */;
/*!50001 SET character_set_client      = utf8mb4 */;
/*!50001 SET character_set_results     = utf8mb4 */;
/*!50001 SET collation_connection      = utf8mb4_0900_ai_ci */;
/*!50001 CREATE ALGORITHM=UNDEFINED */
/*!50013 DEFINER=`root`@`localhost` SQL SECURITY DEFINER */
/*!50001 VIEW `temperature_comparison` AS select `regions`.`state` AS `States`,`weather_primary`.`date` AS `Date`,concat(`weather_primary`.`temperature`,'F') AS `Temperature` from (`weather_primary` join `regions` on((`weather_primary`.`region_id` = `regions`.`region_id`))) where (`weather_primary`.`temperature` > 75) order by concat(`weather_primary`.`temperature`,'F') desc */;
/*!50001 SET character_set_client      = @saved_cs_client */;
/*!50001 SET character_set_results     = @saved_cs_results */;
/*!50001 SET collation_connection      = @saved_col_connection */;
/*!40103 SET TIME_ZONE=@OLD_TIME_ZONE */;

/*!40101 SET SQL_MODE=@OLD_SQL_MODE */;
/*!40014 SET FOREIGN_KEY_CHECKS=@OLD_FOREIGN_KEY_CHECKS */;
/*!40014 SET UNIQUE_CHECKS=@OLD_UNIQUE_CHECKS */;
/*!40101 SET CHARACTER_SET_CLIENT=@OLD_CHARACTER_SET_CLIENT */;
/*!40101 SET CHARACTER_SET_RESULTS=@OLD_CHARACTER_SET_RESULTS */;
/*!40101 SET COLLATION_CONNECTION=@OLD_COLLATION_CONNECTION */;
/*!40111 SET SQL_NOTES=@OLD_SQL_NOTES */;

-- Dump completed on 2020-05-09 23:26:47
